"Date","Price","Open","High","Low","Vol.","Change %"
"06-08-2018","3,163.35","3,220.00","3,244.00","3,132.43","1.20M","-1.03%"
"03-08-2018","3,196.35","3,260.00","3,261.00","3,184.10","344.50K","-1.00%"
"02-08-2018","3,228.70","3,240.00","3,274.50","3,219.53","232.30K","-0.50%"
"01-08-2018","3,244.93","3,290.00","3,312.50","3,212.47","307.08K","-0.80%"
"31-07-2018","3,271.10","3,189.95","3,280.00","3,145.72","344.68K","3.33%"
"30-07-2018","3,165.72","3,212.50","3,212.50","3,102.82","387.25K","-0.84%"
"27-07-2018","3,192.60","3,222.00","3,250.00","3,185.00","139.91K","-1.01%"
"26-07-2018","3,225.15","3,244.50","3,247.28","3,207.28","215.95K","0.10%"
"25-07-2018","3,222.00","3,249.50","3,262.00","3,215.00","108.57K","-0.35%"
"24-07-2018","3,233.22","3,232.50","3,247.50","3,199.00","158.03K","0.47%"
"23-07-2018","3,217.97","3,200.00","3,236.20","3,182.50","169.91K","1.22%"
"20-07-2018","3,179.07","3,188.00","3,217.35","3,155.50","193.86K","-0.22%"
"19-07-2018","3,186.15","3,182.50","3,198.20","3,141.62","197.25K","0.10%"
"18-07-2018","3,182.90","3,225.50","3,237.53","3,155.00","214.52K","-0.95%"
"17-07-2018","3,213.45","3,272.50","3,287.10","3,207.28","217.35K","-1.62%"
"16-07-2018","3,266.35","3,250.00","3,283.50","3,249.97","172.27K","0.89%"
"13-07-2018","3,237.55","3,195.00","3,250.00","3,195.00","220.69K","1.08%"
"12-07-2018","3,202.82","3,199.97","3,215.60","3,161.12","287.71K","0.75%"
"11-07-2018","3,178.88","3,204.00","3,204.47","3,154.00","294.28K","-0.50%"
"10-07-2018","3,194.85","3,205.00","3,212.53","3,185.12","183.95K","0.11%"
"09-07-2018","3,191.43","3,155.50","3,203.57","3,150.00","123.17K","1.16%"
"06-07-2018","3,154.95","3,145.00","3,179.75","3,140.50","234.68K","0.04%"
"05-07-2018","3,153.65","3,174.50","3,184.50","3,147.10","144.03K","0.12%"
"04-07-2018","3,149.88","3,105.03","3,159.55","3,105.03","197.91K","1.34%"
"03-07-2018","3,108.28","3,129.80","3,129.80","3,093.03","187.68K","-0.26%"
"02-07-2018","3,116.47","3,113.50","3,133.97","3,085.07","160.60K","0.31%"
"29-06-2018","3,106.88","3,075.00","3,128.97","3,056.15","315.22K","1.37%"
"28-06-2018","3,064.78","3,062.00","3,074.00","3,027.78","256.27K","0.69%"
"27-06-2018","3,043.80","3,043.00","3,064.50","3,024.00","273.89K","0.62%"
"26-06-2018","3,025.05","3,003.00","3,040.90","2,981.50","225.12K","1.22%"
"25-06-2018","2,988.70","2,987.00","3,024.95","2,980.00","129.69K","0.30%"
"22-06-2018","2,979.72","2,984.45","2,999.00","2,947.53","184.02K","-0.05%"
"21-06-2018","2,981.35","3,000.00","3,014.97","2,975.00","151.97K","-0.55%"
"20-06-2018","2,997.78","2,999.20","3,027.75","2,985.00","259.29K","0.32%"
"19-06-2018","2,988.28","3,030.00","3,041.47","2,961.03","190.78K","-1.60%"
"18-06-2018","3,037.00","3,066.85","3,066.85","3,029.95","234.72K","-1.02%"
"15-06-2018","3,068.30","3,007.50","3,089.72","2,997.65","358.54K","2.25%"
"14-06-2018","3,000.88","3,023.50","3,023.50","2,985.50","153.54K","-0.26%"
"13-06-2018","3,008.57","2,967.55","3,040.00","2,967.55","198.28K","1.19%"
"12-06-2018","2,973.30","2,955.22","2,977.50","2,930.28","90.80K","0.61%"
"11-06-2018","2,955.22","2,963.50","2,982.12","2,950.50","138.47K","-0.12%"
"08-06-2018","2,958.82","3,008.00","3,008.00","2,944.03","176.90K","-1.26%"
"07-06-2018","2,996.65","2,955.00","3,008.50","2,944.05","244.24K","1.98%"
"06-06-2018","2,938.47","2,902.50","2,944.50","2,902.50","137.32K","1.12%"
"05-06-2018","2,905.90","2,877.78","2,920.00","2,877.78","146.21K","0.79%"
"04-06-2018","2,883.10","2,918.70","2,932.03","2,855.30","234.99K","-0.80%"
"01-06-2018","2,906.22","2,987.00","2,987.00","2,897.10","244.77K","-1.88%"
"31-05-2018","2,961.97","2,900.00","3,007.90","2,880.00","620.77K","2.32%"
"30-05-2018","2,894.93","2,876.70","2,909.78","2,868.00","220.70K","-0.26%"
"29-05-2018","2,902.55","2,927.35","2,934.00","2,889.12","169.82K","-0.65%"
"28-05-2018","2,921.47","2,939.38","2,939.38","2,896.50","136.48K","0.26%"
"25-05-2018","2,913.75","2,860.00","2,925.00","2,853.03","234.92K","1.91%"
"24-05-2018","2,859.10","2,851.68","2,895.95","2,841.00","263.79K","0.04%"
"23-05-2018","2,857.85","2,810.00","2,867.50","2,800.00","389.01K","1.99%"
"22-05-2018","2,802.20","2,774.72","2,815.00","2,760.15","223.36K","1.50%"
"21-05-2018","2,760.80","2,803.50","2,835.50","2,739.45","222.48K","-1.35%"
"18-05-2018","2,798.53","2,754.50","2,820.00","2,740.12","306.42K","2.20%"
"17-05-2018","2,738.38","2,775.00","2,785.00","2,720.53","266.52K","-1.18%"
"16-05-2018","2,771.10","2,715.00","2,792.50","2,667.82","478.00K","1.60%"
"15-05-2018","2,727.40","2,750.00","2,753.85","2,708.15","277.74K","-0.17%"
"14-05-2018","2,732.05","2,755.00","2,755.00","2,706.60","80.05K","-0.25%"
"11-05-2018","2,738.85","2,700.00","2,746.20","2,700.00","124.23K","1.69%"
"10-05-2018","2,693.22","2,700.22","2,713.07","2,672.75","200.29K","-0.28%"
"09-05-2018","2,700.75","2,709.50","2,726.28","2,694.55","125.67K","-0.79%"
"08-05-2018","2,722.35","2,745.00","2,750.00","2,691.62","107.51K","-0.51%"
"07-05-2018","2,736.35","2,692.25","2,750.03","2,692.25","151.63K","1.64%"
"04-05-2018","2,692.25","2,675.00","2,713.62","2,650.50","225.30K","0.89%"
"03-05-2018","2,668.55","2,730.00","2,730.00","2,660.00","152.10K","-1.62%"
"02-05-2018","2,712.53","2,772.50","2,782.75","2,704.40","144.16K","-1.60%"
"30-04-2018","2,756.60","2,731.50","2,768.22","2,730.00","129.50K","0.96%"
"27-04-2018","2,730.38","2,695.00","2,747.93","2,689.18","176.86K","1.63%"
"26-04-2018","2,686.70","2,690.00","2,706.03","2,672.55","184.85K","-0.04%"
"25-04-2018","2,687.65","2,650.00","2,726.25","2,638.62","190.56K","1.47%"
"24-04-2018","2,648.60","2,665.00","2,671.55","2,625.55","116.20K","-0.30%"
"23-04-2018","2,656.53","2,675.00","2,682.40","2,652.22","181.69K","-0.17%"
"20-04-2018","2,661.18","2,698.00","2,700.47","2,649.75","88.07K","-1.36%"
"19-04-2018","2,697.90","2,683.50","2,709.62","2,673.07","129.05K","0.64%"
"18-04-2018","2,680.82","2,684.00","2,694.20","2,660.50","129.79K","0.37%"
"17-04-2018","2,671.05","2,668.50","2,710.22","2,657.12","392.79K","0.56%"
"16-04-2018","2,656.18","2,606.45","2,669.00","2,592.93","191.33K","1.99%"
"13-04-2018","2,604.45","2,610.00","2,618.07","2,579.30","293.69K","0.89%"
"12-04-2018","2,581.43","2,566.50","2,601.50","2,555.00","223.38K","0.54%"
"11-04-2018","2,567.68","2,569.95","2,580.68","2,553.00","87.60K","0.02%"
"10-04-2018","2,567.12","2,582.00","2,588.75","2,530.00","148.51K","-0.56%"
"09-04-2018","2,581.45","2,591.00","2,603.50","2,568.28","125.08K","-0.30%"
"06-04-2018","2,589.12","2,544.97","2,599.97","2,525.00","272.78K","2.18%"
"05-04-2018","2,533.93","2,512.50","2,537.35","2,505.50","204.05K","0.86%"
"04-04-2018","2,512.20","2,528.50","2,542.40","2,495.50","268.38K","-1.48%"
"03-04-2018","2,549.90","2,559.00","2,559.50","2,522.30","214.84K","-0.14%"
"02-04-2018","2,553.53","2,499.00","2,558.85","2,487.20","291.72K","2.75%"
"28-03-2018","2,485.30","2,482.40","2,502.00","2,452.10","526.03K","0.12%"
"27-03-2018","2,482.40","2,437.50","2,492.88","2,431.93","485.25K","2.20%"
"26-03-2018","2,429.00","2,420.03","2,435.00","2,419.47","192.50K","0.38%"
"23-03-2018","2,419.82","2,405.50","2,435.00","2,395.00","273.34K","0.03%"
"22-03-2018","2,419.10","2,427.50","2,435.00","2,410.25","177.05K","0.08%"
"21-03-2018","2,417.22","2,410.00","2,428.00","2,410.00","404.66K","0.19%"
"20-03-2018","2,412.53","2,410.00","2,417.50","2,403.00","323.25K","0.20%"
"19-03-2018","2,407.78","2,431.00","2,434.97","2,401.50","223.66K","-0.93%"
"16-03-2018","2,430.30","2,434.97","2,447.50","2,420.00","303.84K","-0.16%"
"15-03-2018","2,434.12","2,421.50","2,448.00","2,406.20","606.40K","0.92%"
"14-03-2018","2,411.88","2,425.12","2,427.50","2,403.00","208.79K","-0.95%"
"13-03-2018","2,434.97","2,430.28","2,447.50","2,416.18","218.07K","0.06%"
"12-03-2018","2,433.40","2,437.50","2,447.50","2,410.38","146.01K","0.52%"
"09-03-2018","2,420.90","2,434.50","2,440.00","2,412.12","377.00K","-0.14%"
"08-03-2018","2,424.20","2,452.75","2,458.75","2,411.12","268.07K","-0.74%"
"07-03-2018","2,442.35","2,412.50","2,457.50","2,390.00","253.84K","1.23%"
"06-03-2018","2,412.60","2,447.50","2,467.45","2,393.53","156.36K","-1.58%"
"05-03-2018","2,451.22","2,456.00","2,469.72","2,445.70","157.47K","-0.84%"
"01-03-2018","2,471.93","2,492.50","2,499.97","2,460.00","105.07K","-1.01%"
"28-02-2018","2,497.12","2,465.00","2,504.65","2,448.65","180.96K","0.85%"
"27-02-2018","2,476.12","2,487.50","2,532.90","2,455.25","427.03K","-0.25%"
"26-02-2018","2,482.38","2,482.80","2,499.00","2,472.03","224.70K","0.06%"
"23-02-2018","2,480.95","2,450.00","2,489.50","2,437.55","305.41K","2.18%"
"22-02-2018","2,427.93","2,387.00","2,437.50","2,375.68","424.91K","1.81%"
"21-02-2018","2,384.88","2,387.50","2,393.45","2,369.80","246.90K","0.75%"
"20-02-2018","2,367.05","2,364.00","2,390.00","2,362.50","265.36K","0.02%"
"19-02-2018","2,366.65","2,390.75","2,390.75","2,347.95","89.96K","-1.02%"
"16-02-2018","2,390.97","2,400.50","2,405.00","2,368.00","165.57K","0.55%"
"15-02-2018","2,377.88","2,393.90","2,408.18","2,350.78","165.65K","-0.18%"
"14-02-2018","2,382.07","2,432.50","2,437.90","2,373.18","699.92K","-0.18%"
"12-02-2018","2,386.25","2,335.00","2,395.00","2,335.00","429.51K","2.83%"
"09-02-2018","2,320.57","2,263.03","2,339.90","2,263.03","241.48K","0.28%"
"08-02-2018","2,314.00","2,274.93","2,327.00","2,257.75","199.33K","1.70%"
"07-02-2018","2,275.22","2,307.45","2,312.50","2,246.53","256.58K","0.44%"
"06-02-2018","2,265.22","2,250.00","2,310.25","2,200.00","274.27K","-1.87%"
"05-02-2018","2,308.35","2,349.50","2,349.50","2,280.00","354.84K","-2.32%"
"02-02-2018","2,363.22","2,337.75","2,370.00","2,288.50","374.37K","-0.30%"
"01-02-2018","2,370.25","2,342.12","2,380.85","2,327.93","297.69K","1.20%"
"31-01-2018","2,342.07","2,345.00","2,356.20","2,323.60","143.77K","-0.46%"
"30-01-2018","2,352.80","2,334.50","2,370.03","2,320.10","258.33K","0.29%"
"29-01-2018","2,346.05","2,320.00","2,355.00","2,303.50","220.44K","1.44%"
"25-01-2018","2,312.80","2,359.60","2,359.60","2,300.50","796.63K","-1.98%"
"24-01-2018","2,359.62","2,368.20","2,377.57","2,340.53","160.13K","-0.36%"
"23-01-2018","2,368.22","2,342.50","2,380.28","2,324.62","200.71K","0.62%"
"22-01-2018","2,353.68","2,337.50","2,376.00","2,335.00","161.80K","0.49%"
"19-01-2018","2,342.22","2,332.50","2,346.40","2,315.00","131.19K","1.14%"
"18-01-2018","2,315.75","2,379.85","2,389.40","2,303.00","355.85K","-2.49%"
"17-01-2018","2,374.90","2,340.00","2,376.50","2,320.03","205.68K","1.55%"
"16-01-2018","2,338.68","2,362.00","2,386.50","2,300.50","336.20K","-0.90%"
"15-01-2018","2,359.93","2,354.15","2,393.00","2,352.50","177.46K","0.25%"
"12-01-2018","2,354.15","2,367.50","2,384.50","2,330.68","257.27K","-0.28%"
"11-01-2018","2,360.78","2,335.00","2,374.50","2,316.00","223.46K","1.00%"
"10-01-2018","2,337.38","2,328.43","2,354.50","2,315.75","388.76K","0.71%"
"09-01-2018","2,320.97","2,350.00","2,356.68","2,312.43","244.28K","-1.10%"
"08-01-2018","2,346.88","2,330.00","2,355.50","2,313.82","176.83K","1.07%"
"05-01-2018","2,322.05","2,331.00","2,339.75","2,307.18","264.12K","0.38%"
"04-01-2018","2,313.20","2,329.50","2,344.45","2,305.07","334.70K","-1.17%"
"03-01-2018","2,340.47","2,329.50","2,354.97","2,328.28","166.05K","0.53%"
"02-01-2018","2,328.03","2,369.12","2,371.12","2,322.00","176.80K","-1.73%"
"01-01-2018","2,369.12","2,375.00","2,387.00","2,357.60","112.32K","0.62%"
"29-12-2017","2,354.62","2,333.03","2,364.47","2,333.00","263.16K","0.93%"
"28-12-2017","2,333.03","2,370.55","2,370.57","2,328.05","395.05K","-1.46%"
"27-12-2017","2,367.57","2,372.80","2,375.00","2,361.93","188.50K","-0.22%"
"26-12-2017","2,372.80","2,387.50","2,387.50","2,363.15","142.75K","-0.02%"
"22-12-2017","2,373.32","2,403.50","2,412.47","2,367.50","569.02K","0.29%"
"21-12-2017","2,366.35","2,365.07","2,375.00","2,353.00","172.13K","-0.27%"
"20-12-2017","2,372.70","2,385.00","2,385.00","2,357.50","263.21K","-0.23%"
"19-12-2017","2,378.28","2,357.50","2,389.72","2,339.15","548.37K","1.21%"
"18-12-2017","2,349.75","2,355.32","2,355.32","2,299.20","373.04K","-0.09%"
"15-12-2017","2,351.80","2,374.10","2,374.10","2,340.53","255.60K","0.19%"
"14-12-2017","2,347.43","2,423.75","2,423.75","2,330.00","359.05K","-2.49%"
"13-12-2017","2,407.43","2,430.00","2,436.50","2,397.60","146.55K","-0.93%"
"12-12-2017","2,430.05","2,438.00","2,454.50","2,413.00","131.96K","-0.19%"
"11-12-2017","2,434.60","2,435.05","2,474.50","2,418.90","202.69K","0.27%"
"08-12-2017","2,427.93","2,474.97","2,481.95","2,418.00","233.56K","-1.37%"
"07-12-2017","2,461.62","2,385.00","2,475.00","2,382.53","279.80K","3.42%"
"06-12-2017","2,380.22","2,397.45","2,397.45","2,357.62","156.71K","-0.03%"
"05-12-2017","2,380.93","2,381.62","2,405.30","2,367.65","200.32K","-0.03%"
"04-12-2017","2,381.62","2,382.50","2,405.38","2,375.00","132.58K","-0.89%"
"01-12-2017","2,402.97","2,420.53","2,432.50","2,382.30","331.53K","-0.20%"
"30-11-2017","2,407.80","2,407.00","2,441.00","2,345.05","6.27M","0.09%"
"29-11-2017","2,405.57","2,410.00","2,415.53","2,392.53","305.99K","0.34%"
"28-11-2017","2,397.35","2,406.00","2,426.85","2,390.10","302.22K","-0.05%"
"27-11-2017","2,398.45","2,384.50","2,411.97","2,380.38","388.64K","1.16%"
"24-11-2017","2,371.00","2,393.03","2,397.28","2,354.28","291.79K","-0.84%"
"23-11-2017","2,391.18","2,390.72","2,405.00","2,380.53","143.06K","0.15%"
"22-11-2017","2,387.57","2,412.50","2,418.22","2,374.00","242.73K","-0.87%"
"21-11-2017","2,408.45","2,385.00","2,421.97","2,384.50","301.55K","1.13%"
"20-11-2017","2,381.60","2,388.50","2,399.50","2,362.18","318.36K","0.28%"
"17-11-2017","2,375.03","2,384.50","2,414.93","2,367.50","398.04K","0.28%"
"16-11-2017","2,368.35","2,370.00","2,408.03","2,364.00","258.55K","-0.27%"
"15-11-2017","2,374.88","2,390.00","2,412.50","2,363.10","195.02K","-0.81%"
"14-11-2017","2,394.18","2,453.50","2,457.57","2,388.15","558.68K","-1.92%"
"13-11-2017","2,441.15","2,387.50","2,463.30","2,343.78","668.37K","0.19%"
"10-11-2017","2,436.50","2,389.50","2,458.90","2,370.50","487.21K","2.42%"
"09-11-2017","2,378.97","2,332.50","2,399.90","2,326.80","345.83K","2.24%"
"08-11-2017","2,326.75","2,334.50","2,343.68","2,300.10","198.65K","0.10%"
"07-11-2017","2,324.50","2,334.00","2,371.00","2,304.00","408.35K","0.13%"
"06-11-2017","2,321.53","2,326.10","2,350.22","2,310.07","240.01K","-0.32%"
"03-11-2017","2,329.05","2,354.45","2,354.45","2,315.05","115.57K","-0.01%"
"02-11-2017","2,329.32","2,351.07","2,361.88","2,292.40","168.10K","-0.82%"
"01-11-2017","2,348.62","2,321.00","2,372.78","2,321.00","271.26K","1.24%"
"31-10-2017","2,319.75","2,375.00","2,385.00","2,315.35","238.03K","-2.24%"
"30-10-2017","2,372.95","2,300.00","2,383.72","2,300.00","315.00K","3.23%"
"27-10-2017","2,298.68","2,304.45","2,327.30","2,285.05","187.42K","-0.16%"
"26-10-2017","2,302.32","2,313.28","2,331.78","2,293.50","300.78K","-0.85%"
"25-10-2017","2,322.12","2,324.50","2,329.95","2,287.50","307.03K","0.40%"
"24-10-2017","2,312.93","2,344.00","2,344.00","2,301.03","145.05K","-0.63%"
"23-10-2017","2,327.60","2,321.35","2,373.47","2,319.05","242.70K","0.41%"
"19-10-2017","2,318.12","2,355.00","2,362.50","2,310.05","29.40K","-1.06%"
"18-10-2017","2,342.93","2,310.50","2,362.50","2,302.53","358.18K","1.53%"
"17-10-2017","2,307.65","2,265.00","2,320.00","2,265.00","212.61K","1.66%"
"16-10-2017","2,270.05","2,295.07","2,308.85","2,257.55","222.75K","-0.92%"
"13-10-2017","2,291.10","2,275.00","2,328.00","2,275.00","711.83K","0.83%"
"12-10-2017","2,272.22","2,197.45","2,289.25","2,194.53","852.12K","3.85%"
"11-10-2017","2,187.97","2,176.00","2,199.50","2,151.15","645.59K","0.63%"
"10-10-2017","2,174.30","2,189.50","2,195.20","2,167.00","174.92K","0.09%"
"09-10-2017","2,172.25","2,180.93","2,196.57","2,161.47","368.16K","-0.40%"
"06-10-2017","2,180.93","2,181.75","2,185.00","2,163.25","201.95K","-0.04%"
"05-10-2017","2,181.82","2,192.50","2,192.50","2,172.53","148.21K","0.50%"
"04-10-2017","2,170.93","2,165.00","2,199.00","2,165.00","227.52K","0.04%"
"03-10-2017","2,170.03","2,207.50","2,207.50","2,165.00","145.81K","-0.10%"
"29-09-2017","2,172.12","2,172.50","2,178.05","2,162.03","312.36K","0.10%"
"28-09-2017","2,169.85","2,143.50","2,187.50","2,143.00","352.83K","0.88%"
"27-09-2017","2,150.88","2,165.95","2,178.68","2,136.47","315.85K","-0.56%"
"26-09-2017","2,163.00","2,140.65","2,170.00","2,132.50","211.24K","1.05%"
"25-09-2017","2,140.55","2,116.30","2,159.22","2,116.30","267.89K","0.25%"
"22-09-2017","2,135.15","2,152.45","2,172.85","2,127.03","385.62K","-1.34%"
"21-09-2017","2,164.05","2,187.00","2,187.00","2,153.03","160.57K","-0.53%"
"20-09-2017","2,175.53","2,185.00","2,193.47","2,170.62","94.14K","-0.44%"
"19-09-2017","2,185.10","2,185.12","2,197.50","2,161.50","217.86K","-0.42%"
"18-09-2017","2,194.22","2,189.95","2,204.50","2,181.15","435.43K","0.72%"
"15-09-2017","2,178.50","2,172.50","2,190.43","2,165.00","279.59K","0.38%"
"14-09-2017","2,170.32","2,174.50","2,174.50","2,156.72","189.13K","0.25%"
"13-09-2017","2,164.97","2,162.50","2,180.00","2,140.00","185.58K","0.30%"
"12-09-2017","2,158.60","2,165.00","2,169.25","2,151.45","226.84K","0.46%"
"11-09-2017","2,148.65","2,145.00","2,165.00","2,145.00","142.19K","0.21%"
"08-09-2017","2,144.12","2,140.50","2,175.00","2,134.68","278.69K","0.64%"
"07-09-2017","2,130.55","2,125.50","2,147.50","2,122.00","229.85K","0.31%"
"06-09-2017","2,123.93","2,115.00","2,128.50","2,104.50","231.28K","-0.30%"
"05-09-2017","2,130.30","2,121.00","2,135.93","2,110.00","274.21K","0.97%"
"04-09-2017","2,109.82","2,122.50","2,129.50","2,075.50","229.53K","-0.57%"
"01-09-2017","2,121.97","2,110.00","2,130.15","2,100.75","192.34K","0.31%"
"31-08-2017","2,115.47","2,133.85","2,136.00","2,106.12","269.09K","-0.25%"
"30-08-2017","2,120.68","2,090.00","2,131.25","2,090.00","202.47K","1.65%"
"29-08-2017","2,086.30","2,090.50","2,109.62","2,071.10","330.26K","-0.37%"
"28-08-2017","2,094.15","2,125.00","2,129.43","2,087.97","300.06K","-0.61%"
"24-08-2017","2,107.05","2,117.50","2,137.20","2,096.68","246.84K","-0.78%"
"23-08-2017","2,123.57","2,112.85","2,133.85","2,078.00","237.42K","1.15%"
"22-08-2017","2,099.43","2,122.50","2,129.47","2,090.32","212.37K","-0.73%"
"21-08-2017","2,114.90","2,118.10","2,138.70","2,106.03","192.69K","-0.51%"
"18-08-2017","2,125.72","2,105.53","2,141.97","2,105.53","160.61K","0.02%"
"17-08-2017","2,125.25","2,169.50","2,169.93","2,117.50","341.41K","-1.15%"
"16-08-2017","2,149.97","2,087.50","2,155.97","2,085.53","589.40K","3.36%"
"14-08-2017","2,080.00","2,061.68","2,103.12","2,050.75","198.66K","1.42%"
"11-08-2017","2,050.97","2,040.38","2,078.50","2,025.50","297.43K","-0.42%"
"10-08-2017","2,059.60","2,014.00","2,116.97","2,014.00","653.17K","1.49%"
"09-08-2017","2,029.45","2,034.50","2,037.45","1,996.45","348.02K","-0.33%"
"08-08-2017","2,036.17","2,058.00","2,070.57","1,990.00","750.35K","-0.86%"
"07-08-2017","2,053.90","1,959.40","2,105.93","1,950.03","1.78M","4.86%"
"04-08-2017","1,958.70","1,915.00","1,968.75","1,915.00","193.84K","1.12%"
"03-08-2017","1,936.97","1,926.20","1,945.00","1,917.03","149.36K","0.25%"
"02-08-2017","1,932.05","1,955.00","1,964.50","1,920.33","321.54K","-1.11%"
"01-08-2017","1,953.75","1,959.90","1,979.00","1,942.78","228.94K","-0.36%"
"31-07-2017","1,960.80","1,959.80","1,978.30","1,939.50","255.94K","0.38%"
"28-07-2017","1,953.33","1,937.00","1,964.17","1,917.60","238.96K","0.79%"
"27-07-2017","1,937.95","1,926.00","1,959.20","1,920.50","280.74K","0.66%"
"26-07-2017","1,925.30","1,931.00","1,931.00","1,920.15","156.29K","0.00%"
"25-07-2017","1,925.25","1,925.00","1,926.65","1,910.53","195.42K","0.55%"
"24-07-2017","1,914.72","1,917.55","1,934.00","1,907.58","203.98K","-0.12%"
"21-07-2017","1,917.03","1,909.50","1,922.50","1,895.10","240.82K","1.13%"
"20-07-2017","1,895.55","1,902.50","1,917.50","1,882.50","415.90K","-0.40%"
"19-07-2017","1,903.10","1,877.35","1,919.50","1,877.35","525.20K","1.69%"
"18-07-2017","1,871.47","1,850.00","1,879.00","1,828.03","131.06K","1.22%"
"17-07-2017","1,848.85","1,859.97","1,866.50","1,837.70","108.71K","-0.58%"
"14-07-2017","1,859.60","1,867.35","1,867.35","1,852.58","77.93K","-0.23%"
"13-07-2017","1,863.80","1,862.00","1,881.95","1,852.00","127.80K","0.69%"
"12-07-2017","1,851.08","1,848.50","1,862.35","1,846.00","360.40K","0.14%"
"11-07-2017","1,848.53","1,845.30","1,867.58","1,843.53","164.31K","-0.51%"
"10-07-2017","1,857.97","1,855.22","1,864.00","1,849.00","34.22K","0.64%"
"07-07-2017","1,846.17","1,860.05","1,860.97","1,838.45","239.42K","-1.05%"
"06-07-2017","1,865.70","1,870.00","1,875.00","1,860.72","246.41K","-0.05%"
"05-07-2017","1,866.72","1,879.50","1,884.50","1,857.50","226.04K","-0.39%"
"04-07-2017","1,874.03","1,855.05","1,883.95","1,855.05","245.56K","1.20%"
"03-07-2017","1,851.88","1,863.00","1,873.30","1,839.50","148.91K","0.37%"
"30-06-2017","1,845.03","1,811.10","1,855.92","1,809.70","479.70K","1.45%"
"29-06-2017","1,818.60","1,819.22","1,848.50","1,800.50","181.42K","0.03%"
"28-06-2017","1,818.08","1,822.50","1,837.80","1,795.03","257.16K","-0.31%"
"27-06-2017","1,823.78","1,839.30","1,839.30","1,806.72","167.39K","-0.05%"
"23-06-2017","1,824.75","1,820.88","1,833.80","1,803.25","203.43K","0.21%"
"22-06-2017","1,820.88","1,850.00","1,850.00","1,816.25","301.57K","-0.78%"
"21-06-2017","1,835.15","1,790.00","1,845.00","1,780.00","178.28K","2.41%"
"20-06-2017","1,791.90","1,789.42","1,809.35","1,784.50","181.61K","-0.23%"
"19-06-2017","1,796.12","1,785.00","1,811.78","1,785.00","117.85K","0.65%"
"16-06-2017","1,784.47","1,782.40","1,789.00","1,761.50","279.67K","0.12%"
"15-06-2017","1,782.40","1,810.00","1,815.00","1,777.12","175.76K","-1.35%"
"14-06-2017","1,806.78","1,823.00","1,823.00","1,790.25","100.49K","-0.35%"
"13-06-2017","1,813.05","1,824.38","1,824.38","1,802.50","106.04K","-0.02%"
"12-06-2017","1,813.33","1,832.50","1,853.20","1,807.00","162.42K","-1.26%"
"09-06-2017","1,836.50","1,824.00","1,849.50","1,820.62","290.83K","0.93%"
"08-06-2017","1,819.65","1,821.80","1,829.50","1,810.33","90.78K","-0.12%"
"07-06-2017","1,821.80","1,818.80","1,837.50","1,800.10","259.42K","0.45%"
"06-06-2017","1,813.67","1,826.85","1,836.00","1,797.92","272.08K","-0.44%"
"05-06-2017","1,821.65","1,795.80","1,857.00","1,795.80","502.60K","1.44%"
"02-06-2017","1,795.80","1,814.95","1,832.50","1,780.00","299.54K","-0.40%"
"01-06-2017","1,802.95","1,792.50","1,805.50","1,770.00","405.62K","2.07%"
"31-05-2017","1,766.33","1,708.50","1,774.00","1,708.50","419.00K","3.13%"
"30-05-2017","1,712.72","1,719.85","1,725.00","1,689.15","493.31K","0.21%"
"29-05-2017","1,709.20","1,704.20","1,730.00","1,685.75","392.34K","0.07%"
"26-05-2017","1,707.92","1,757.00","1,772.50","1,701.10","886.10K","-2.90%"
"25-05-2017","1,758.90","1,785.00","1,785.00","1,725.60","338.88K","-0.44%"
"24-05-2017","1,766.65","1,802.50","1,807.92","1,735.95","199.37K","-1.69%"
"23-05-2017","1,797.10","1,827.50","1,841.95","1,790.03","265.43K","-1.08%"
"22-05-2017","1,816.72","1,810.95","1,848.50","1,801.60","212.64K","1.42%"
"19-05-2017","1,791.35","1,799.92","1,835.00","1,781.50","287.47K","0.77%"
"18-05-2017","1,777.72","1,842.80","1,842.80","1,773.05","142.01K","-3.11%"
"17-05-2017","1,834.80","1,876.00","1,876.85","1,830.00","135.12K","-2.22%"
"16-05-2017","1,876.42","1,870.78","1,887.00","1,853.50","219.25K","0.30%"
"15-05-2017","1,870.78","1,852.00","1,899.75","1,840.03","236.79K","1.01%"
"12-05-2017","1,852.12","1,852.50","1,867.50","1,830.90","124.62K","-0.11%"
"11-05-2017","1,854.17","1,845.00","1,872.00","1,842.60","326.90K","-0.08%"
"10-05-2017","1,855.65","1,793.50","1,860.90","1,793.50","669.36K","3.29%"
"09-05-2017","1,796.47","1,767.00","1,801.97","1,759.53","188.86K","1.41%"
"08-05-2017","1,771.47","1,770.97","1,781.97","1,757.03","72.91K","0.39%"
"05-05-2017","1,764.67","1,796.05","1,799.80","1,758.22","96.25K","-1.75%"
"04-05-2017","1,796.05","1,787.47","1,810.00","1,782.67","239.36K","0.32%"
"03-05-2017","1,790.25","1,790.08","1,815.00","1,756.65","214.20K","0.18%"
"02-05-2017","1,786.97","1,805.00","1,822.20","1,777.83","187.46K","-1.40%"
"28-04-2017","1,812.28","1,777.53","1,819.50","1,774.12","329.72K","1.95%"
"27-04-2017","1,777.53","1,775.00","1,804.50","1,723.40","352.27K","0.05%"
"26-04-2017","1,776.70","1,745.00","1,799.00","1,730.00","625.87K","2.18%"
"25-04-2017","1,738.72","1,699.00","1,744.50","1,693.67","274.92K","2.64%"
"24-04-2017","1,694.08","1,680.00","1,697.90","1,680.00","80.63K","0.34%"
"21-04-2017","1,688.28","1,691.05","1,703.83","1,684.00","167.55K","-0.08%"
"20-04-2017","1,689.67","1,718.45","1,720.00","1,684.10","134.52K","-1.51%"
"19-04-2017","1,715.62","1,682.53","1,723.72","1,669.60","185.99K","1.86%"
"18-04-2017","1,684.25","1,685.33","1,708.03","1,676.90","226.60K","-0.50%"
"17-04-2017","1,692.65","1,701.72","1,702.90","1,686.28","91.10K","-0.54%"
"13-04-2017","1,701.90","1,725.00","1,726.30","1,695.50","122.00K","-1.31%"
"12-04-2017","1,724.50","1,690.00","1,730.05","1,688.90","334.88K","1.36%"
"11-04-2017","1,701.40","1,709.85","1,726.88","1,691.10","187.74K","-0.41%"
"10-04-2017","1,708.42","1,677.50","1,712.50","1,675.00","136.54K","1.77%"
"07-04-2017","1,678.72","1,675.00","1,688.65","1,670.00","103.41K","0.01%"
"06-04-2017","1,678.58","1,687.95","1,697.22","1,673.72","226.51K","-0.56%"
"05-04-2017","1,687.95","1,698.50","1,700.78","1,675.00","391.35K","-0.47%"
"03-04-2017","1,695.85","1,688.50","1,711.05","1,636.40","188.62K","0.52%"
"31-03-2017","1,687.00","1,690.00","1,716.47","1,665.53","396.95K","-0.62%"
"30-03-2017","1,697.58","1,691.00","1,711.25","1,690.30","1.96M","0.11%"
"29-03-2017","1,695.70","1,671.65","1,707.75","1,663.45","304.57K","1.55%"
"28-03-2017","1,669.78","1,654.85","1,683.42","1,652.20","201.09K","1.07%"
"27-03-2017","1,652.05","1,650.00","1,665.00","1,646.08","154.35K","0.18%"
"24-03-2017","1,649.08","1,649.58","1,660.50","1,641.53","141.28K","0.07%"
"23-03-2017","1,647.88","1,663.50","1,677.17","1,639.95","188.33K","-0.90%"
"22-03-2017","1,662.88","1,631.00","1,672.88","1,631.00","440.16K","0.95%"
"21-03-2017","1,647.17","1,620.00","1,660.50","1,620.00","792.90K","1.31%"
"20-03-2017","1,625.88","1,626.20","1,632.17","1,620.00","110.94K","0.13%"
"17-03-2017","1,623.78","1,612.50","1,627.45","1,607.50","176.81K","0.70%"
"16-03-2017","1,612.53","1,598.50","1,619.10","1,598.17","225.37K","1.09%"
"15-03-2017","1,595.12","1,590.03","1,600.00","1,567.75","224.21K","0.42%"
"14-03-2017","1,588.38","1,576.90","1,595.28","1,568.22","267.27K","1.74%"
"10-03-2017","1,561.25","1,542.55","1,565.50","1,538.50","274.98K","1.43%"
"09-03-2017","1,539.30","1,543.00","1,549.95","1,531.50","224.43K","-0.22%"
"08-03-2017","1,542.70","1,532.50","1,554.00","1,522.65","526.95K","0.86%"
"07-03-2017","1,529.58","1,552.50","1,552.50","1,527.60","367.25K","-0.87%"
"06-03-2017","1,543.00","1,556.00","1,558.22","1,529.70","319.00K","-0.35%"
"03-03-2017","1,548.38","1,561.50","1,572.85","1,533.22","466.08K","-0.56%"
"02-03-2017","1,557.08","1,600.00","1,608.75","1,551.35","381.92K","-2.10%"
"01-03-2017","1,590.50","1,616.00","1,629.97","1,587.50","203.81K","-1.50%"
"28-02-2017","1,614.70","1,627.55","1,629.50","1,606.15","191.91K","-0.91%"
"27-02-2017","1,629.55","1,615.50","1,634.45","1,609.42","261.07K","0.99%"
"23-02-2017","1,613.50","1,621.03","1,639.47","1,606.78","420.85K","-0.36%"
"22-02-2017","1,619.35","1,621.00","1,632.00","1,613.42","230.53K","-0.01%"
"21-02-2017","1,619.53","1,633.35","1,637.75","1,607.60","196.13K","-0.55%"
"20-02-2017","1,628.45","1,631.00","1,633.62","1,618.03","114.27K","0.28%"
"17-02-2017","1,623.88","1,619.55","1,627.40","1,602.78","314.86K","0.53%"
"16-02-2017","1,615.38","1,595.00","1,619.20","1,591.38","159.89K","1.14%"
"15-02-2017","1,597.17","1,616.50","1,621.50","1,585.50","272.68K","-0.93%"
"14-02-2017","1,612.22","1,640.00","1,640.00","1,605.10","376.84K","-1.44%"
"13-02-2017","1,635.85","1,622.50","1,648.00","1,611.05","403.91K","1.00%"
"10-02-2017","1,619.67","1,615.50","1,635.00","1,611.62","422.21K","0.42%"
"09-02-2017","1,612.97","1,614.15","1,627.33","1,602.65","225.52K","-0.22%"
"08-02-2017","1,616.50","1,615.42","1,633.10","1,596.03","258.16K","0.07%"
"07-02-2017","1,615.30","1,645.00","1,645.00","1,605.00","227.65K","-1.66%"
"06-02-2017","1,642.50","1,615.42","1,647.20","1,615.42","268.30K","1.68%"
"03-02-2017","1,615.42","1,611.55","1,636.92","1,605.00","271.33K","0.00%"
"02-02-2017","1,615.50","1,620.00","1,627.33","1,594.85","461.79K","-0.12%"
"01-02-2017","1,617.38","1,566.85","1,624.90","1,556.38","422.57K","3.33%"
"31-01-2017","1,565.22","1,575.00","1,575.00","1,554.50","309.88K","-0.49%"
"30-01-2017","1,572.85","1,564.00","1,575.70","1,550.10","260.54K","1.38%"
"27-01-2017","1,551.47","1,567.00","1,581.00","1,545.50","269.43K","-1.02%"
"25-01-2017","1,567.45","1,562.50","1,574.00","1,549.00","190.02K","-0.43%"
"24-01-2017","1,574.17","1,548.15","1,575.25","1,540.83","303.69K","1.79%"
"23-01-2017","1,546.55","1,532.60","1,557.50","1,532.60","144.08K","0.48%"
"20-01-2017","1,539.15","1,558.95","1,567.55","1,532.05","225.99K","-0.95%"
"19-01-2017","1,553.97","1,545.50","1,577.50","1,533.38","515.15K","0.53%"
"18-01-2017","1,545.78","1,509.00","1,549.35","1,507.45","539.23K","2.59%"
"17-01-2017","1,506.78","1,484.35","1,510.10","1,477.55","329.50K","1.61%"
"16-01-2017","1,482.88","1,467.50","1,489.90","1,461.50","213.01K","0.88%"
"13-01-2017","1,470.00","1,484.50","1,492.50","1,462.50","208.66K","-0.26%"
"12-01-2017","1,473.90","1,492.47","1,497.47","1,459.20","260.10K","-0.75%"
"11-01-2017","1,485.05","1,442.50","1,492.50","1,442.50","691.72K","3.10%"
"10-01-2017","1,440.40","1,449.50","1,451.50","1,437.97","546.12K","-0.59%"
"09-01-2017","1,448.95","1,460.00","1,461.15","1,437.78","344.36K","0.10%"
"06-01-2017","1,447.47","1,432.50","1,457.50","1,422.90","795.44K","1.02%"
"05-01-2017","1,432.90","1,431.00","1,437.50","1,426.30","232.67K","0.47%"
"04-01-2017","1,426.20","1,445.00","1,445.00","1,415.22","273.36K","-0.69%"
"03-01-2017","1,436.12","1,443.50","1,445.00","1,425.60","255.19K","-0.49%"
"02-01-2017","1,443.22","1,450.55","1,450.55","1,432.58","104.49K","0.00%"
"30-12-2016","1,443.15","1,452.50","1,461.00","1,435.00","220.67K","0.11%"
"29-12-2016","1,441.58","1,417.50","1,449.00","1,414.45","180.29K","1.53%"
"28-12-2016","1,419.80","1,415.00","1,444.00","1,415.00","247.11K","0.45%"
"27-12-2016","1,413.42","1,405.12","1,428.42","1,390.78","157.35K","0.70%"
"26-12-2016","1,403.65","1,414.95","1,415.70","1,390.00","136.00K","-0.84%"
"23-12-2016","1,415.60","1,405.03","1,420.58","1,386.42","182.74K","0.73%"
"22-12-2016","1,405.33","1,420.00","1,424.62","1,399.92","185.18K","-1.30%"
"21-12-2016","1,423.85","1,436.05","1,449.50","1,413.90","401.74K","-0.85%"
"20-12-2016","1,436.05","1,451.00","1,454.90","1,433.00","401.09K","-0.95%"
"19-12-2016","1,449.80","1,450.00","1,457.38","1,432.75","220.01K","0.15%"
"16-12-2016","1,447.65","1,461.62","1,469.08","1,440.95","388.16K","-0.85%"
"15-12-2016","1,460.10","1,466.00","1,477.00","1,453.75","216.56K","-0.73%"
"14-12-2016","1,470.83","1,470.00","1,484.00","1,467.50","233.77K","0.10%"
"13-12-2016","1,469.33","1,498.92","1,498.92","1,462.47","384.09K","-1.29%"
"12-12-2016","1,488.53","1,512.75","1,514.25","1,485.05","274.72K","-1.60%"
"09-12-2016","1,512.67","1,520.95","1,531.40","1,510.55","635.44K","-0.44%"
"08-12-2016","1,519.38","1,506.50","1,534.00","1,500.50","169.39K","1.47%"
"07-12-2016","1,497.38","1,509.00","1,522.30","1,491.00","235.24K","-0.32%"
"06-12-2016","1,502.22","1,534.80","1,537.00","1,498.55","179.31K","-2.02%"
"05-12-2016","1,533.20","1,490.00","1,541.40","1,490.00","217.16K","3.01%"
"02-12-2016","1,488.40","1,497.40","1,507.50","1,482.42","339.41K","-0.88%"
"01-12-2016","1,501.67","1,518.03","1,531.97","1,498.00","188.98K","-0.97%"
"30-11-2016","1,516.45","1,505.00","1,536.97","1,475.60","474.74K","0.91%"
"29-11-2016","1,502.72","1,493.50","1,519.20","1,486.00","208.31K","1.18%"
"28-11-2016","1,485.25","1,479.97","1,495.55","1,464.08","178.03K","0.29%"
"25-11-2016","1,481.00","1,484.97","1,487.22","1,460.53","175.76K","0.66%"
"24-11-2016","1,471.28","1,479.00","1,494.00","1,458.00","310.14K","-0.85%"
"23-11-2016","1,483.88","1,469.50","1,488.00","1,447.50","259.00K","2.12%"
"22-11-2016","1,453.03","1,453.05","1,460.00","1,425.97","354.48K","0.41%"
"21-11-2016","1,447.15","1,452.50","1,464.08","1,438.05","182.36K","-0.29%"
"18-11-2016","1,451.30","1,460.50","1,462.50","1,435.53","581.40K","-1.11%"
"17-11-2016","1,467.53","1,510.00","1,510.00","1,460.00","405.50K","-1.87%"
"16-11-2016","1,495.50","1,475.00","1,530.00","1,463.17","470.30K","2.10%"
"15-11-2016","1,464.67","1,532.00","1,532.00","1,390.60","1.16M","-4.87%"
"11-11-2016","1,539.67","1,594.92","1,594.92","1,515.25","432.08K","-3.90%"
"10-11-2016","1,602.08","1,607.50","1,620.92","1,584.62","274.55K","2.56%"
"09-11-2016","1,562.10","1,550.00","1,595.85","1,464.50","451.68K","-3.44%"
"08-11-2016","1,617.78","1,639.00","1,650.85","1,607.78","906.76K","-2.03%"
"07-11-2016","1,651.28","1,664.50","1,674.00","1,642.50","421.83K","0.02%"
"04-11-2016","1,651.00","1,650.00","1,690.00","1,611.00","455.15K","0.02%"
"03-11-2016","1,650.75","1,651.30","1,662.75","1,626.03","258.32K","-0.03%"
"02-11-2016","1,651.30","1,639.00","1,656.97","1,635.50","236.00K","-0.84%"
"01-11-2016","1,665.28","1,657.50","1,670.00","1,633.97","257.19K","0.45%"
"30-10-2016","1,657.85","1,655.97","1,664.00","1,650.58","25.23K","0.11%"
"28-10-2016","1,655.97","1,617.00","1,664.50","1,615.88","215.91K","3.11%"
"27-10-2016","1,606.05","1,625.00","1,634.58","1,597.50","434.05K","-1.64%"
"26-10-2016","1,632.90","1,645.00","1,654.42","1,625.35","175.92K","-0.90%"
"25-10-2016","1,647.67","1,654.20","1,661.33","1,639.97","182.19K","-0.38%"
"24-10-2016","1,653.95","1,635.15","1,664.78","1,635.15","146.43K","-0.08%"
"21-10-2016","1,655.35","1,667.50","1,672.50","1,652.25","127.03K","-0.07%"
"20-10-2016","1,656.58","1,658.50","1,677.50","1,650.50","242.76K","-0.11%"
"19-10-2016","1,658.45","1,641.95","1,675.00","1,640.00","347.49K","1.60%"
"18-10-2016","1,632.30","1,653.25","1,660.30","1,622.50","278.54K","-1.26%"
"17-10-2016","1,653.20","1,667.65","1,667.72","1,643.83","216.88K","-0.73%"
"14-10-2016","1,665.38","1,677.00","1,677.00","1,647.50","141.35K","0.16%"
"13-10-2016","1,662.72","1,684.50","1,684.50","1,644.50","322.64K","-1.52%"
"10-10-2016","1,688.40","1,695.00","1,705.38","1,685.30","109.50K","-0.29%"
"07-10-2016","1,693.33","1,733.50","1,737.50","1,689.92","337.56K","-2.32%"
"06-10-2016","1,733.50","1,744.95","1,748.97","1,720.90","118.93K","0.19%"
"05-10-2016","1,730.25","1,740.00","1,753.00","1,720.25","412.63K","-0.43%"
"04-10-2016","1,737.67","1,742.00","1,742.50","1,718.12","185.64K","-0.29%"
"03-10-2016","1,742.78","1,698.92","1,761.00","1,690.00","259.36K","3.61%"
"30-09-2016","1,682.00","1,640.00","1,693.65","1,625.03","240.41K","2.39%"
"29-09-2016","1,642.78","1,715.00","1,717.50","1,599.85","336.34K","-3.49%"
"28-09-2016","1,702.10","1,714.90","1,728.00","1,695.45","252.33K","-0.79%"
"27-09-2016","1,715.62","1,711.05","1,728.00","1,705.92","174.65K","0.41%"
"26-09-2016","1,708.53","1,722.50","1,724.58","1,698.42","311.48K","-0.12%"
"23-09-2016","1,710.55","1,714.45","1,730.00","1,687.90","325.01K","0.59%"
"22-09-2016","1,700.47","1,709.50","1,717.50","1,688.03","499.37K","0.08%"
"21-09-2016","1,699.05","1,705.50","1,722.50","1,678.60","363.44K","-0.36%"
"20-09-2016","1,705.25","1,708.00","1,725.47","1,699.50","295.49K","-0.03%"
"19-09-2016","1,705.80","1,737.75","1,743.00","1,700.00","348.16K","-1.84%"
"16-09-2016","1,737.75","1,770.00","1,781.00","1,726.70","312.60K","-1.59%"
"15-09-2016","1,765.80","1,774.97","1,792.12","1,762.50","306.49K","-0.23%"
"14-09-2016","1,769.95","1,713.50","1,775.00","1,713.42","437.53K","3.27%"
"12-09-2016","1,713.97","1,700.00","1,724.95","1,685.00","235.32K","-0.78%"
"09-09-2016","1,727.53","1,750.00","1,750.00","1,722.50","153.74K","-0.49%"
"08-09-2016","1,736.05","1,733.50","1,744.22","1,725.00","215.84K","-0.48%"
"07-09-2016","1,744.47","1,701.00","1,751.75","1,701.00","399.16K","0.92%"
"06-09-2016","1,728.55","1,687.50","1,732.00","1,672.17","350.72K","3.05%"
"02-09-2016","1,677.47","1,700.50","1,718.47","1,671.00","291.32K","-1.60%"
"01-09-2016","1,704.67","1,733.00","1,733.00","1,700.10","177.45K","-1.48%"
"31-08-2016","1,730.28","1,721.10","1,742.97","1,710.00","289.59K","0.50%"
"30-08-2016","1,721.60","1,705.00","1,736.00","1,705.00","149.21K","1.08%"
"29-08-2016","1,703.17","1,703.00","1,724.50","1,695.00","147.83K","-0.91%"
"26-08-2016","1,718.85","1,742.35","1,742.35","1,696.03","287.81K","-0.77%"
"25-08-2016","1,732.15","1,723.50","1,749.50","1,721.58","742.68K","0.91%"
"24-08-2016","1,716.47","1,684.50","1,742.00","1,670.00","683.70K","2.13%"
"23-08-2016","1,680.67","1,684.00","1,689.00","1,670.00","148.40K","-0.23%"
"22-08-2016","1,684.62","1,675.00","1,696.45","1,672.12","320.09K","0.56%"
"19-08-2016","1,675.22","1,665.00","1,685.00","1,658.25","243.24K","0.63%"
"18-08-2016","1,664.78","1,670.00","1,685.00","1,652.53","304.79K","-0.21%"
"17-08-2016","1,668.35","1,632.50","1,679.12","1,632.50","524.62K","1.98%"
"16-08-2016","1,636.03","1,649.05","1,670.00","1,625.00","338.17K","-0.40%"
"12-08-2016","1,642.55","1,614.95","1,657.50","1,594.22","714.06K","1.49%"
"11-08-2016","1,618.45","1,560.00","1,638.50","1,557.40","1.53M","4.30%"
"10-08-2016","1,551.67","1,564.50","1,565.83","1,530.10","341.64K","-0.80%"
"09-08-2016","1,564.22","1,575.00","1,586.00","1,544.10","792.59K","-0.75%"
"08-08-2016","1,576.08","1,441.95","1,658.62","1,440.05","3.16M","9.28%"
"05-08-2016","1,442.30","1,440.00","1,450.40","1,424.47","246.05K","0.13%"
"04-08-2016","1,440.42","1,425.00","1,446.50","1,405.97","395.46K","1.78%"
"03-08-2016","1,415.22","1,449.00","1,449.00","1,410.03","363.71K","-1.74%"
"02-08-2016","1,440.35","1,453.50","1,456.00","1,435.85","185.46K","-0.05%"
"01-08-2016","1,441.10","1,473.95","1,496.95","1,425.50","342.68K","-1.76%"
"29-07-2016","1,466.90","1,422.00","1,472.10","1,421.55","431.34K","2.39%"
"28-07-2016","1,432.65","1,407.50","1,447.00","1,405.10","488.14K","1.87%"
"27-07-2016","1,406.40","1,424.00","1,424.00","1,397.50","210.41K","-0.39%"
"26-07-2016","1,411.90","1,425.20","1,428.30","1,405.50","285.70K","-0.93%"
"25-07-2016","1,425.20","1,425.00","1,436.85","1,415.15","238.94K","-0.02%"
"22-07-2016","1,425.45","1,408.00","1,427.97","1,404.00","359.14K","1.28%"
"21-07-2016","1,407.38","1,407.40","1,420.00","1,395.00","291.87K","0.19%"
"20-07-2016","1,404.72","1,387.45","1,409.00","1,380.00","177.58K","1.79%"
"19-07-2016","1,380.03","1,410.10","1,413.97","1,376.67","462.54K","-2.00%"
"18-07-2016","1,408.15","1,418.53","1,424.35","1,404.47","193.18K","-0.15%"
"15-07-2016","1,410.30","1,430.00","1,438.33","1,405.60","201.54K","-1.37%"
"14-07-2016","1,429.88","1,445.00","1,446.50","1,427.47","263.18K","-0.27%"
"13-07-2016","1,433.80","1,434.00","1,442.90","1,414.95","258.71K","0.36%"
"12-07-2016","1,428.60","1,437.00","1,454.28","1,421.88","348.98K","-0.07%"
"11-07-2016","1,429.62","1,409.00","1,434.22","1,408.80","357.57K","1.93%"
"08-07-2016","1,402.53","1,404.58","1,418.00","1,396.20","191.40K","-0.15%"
"07-07-2016","1,404.58","1,415.00","1,420.00","1,401.00","253.01K","-0.95%"
"05-07-2016","1,418.12","1,417.50","1,430.00","1,405.00","151.09K","-0.16%"
"04-07-2016","1,420.45","1,419.00","1,425.00","1,408.17","293.93K","1.16%"
"01-07-2016","1,404.15","1,376.88","1,408.55","1,375.78","433.85K","1.79%"
"30-06-2016","1,379.47","1,389.95","1,394.72","1,365.50","744.74K","-0.45%"
"29-06-2016","1,385.70","1,374.90","1,389.05","1,353.38","280.75K","0.85%"
"28-06-2016","1,374.08","1,343.50","1,376.80","1,340.03","446.18K","2.42%"
"27-06-2016","1,341.65","1,317.50","1,347.97","1,312.65","340.51K","1.91%"
"24-06-2016","1,316.47","1,290.00","1,322.20","1,259.55","295.18K","0.29%"
"23-06-2016","1,312.72","1,309.00","1,321.00","1,304.65","326.75K","0.45%"
"22-06-2016","1,306.85","1,284.20","1,310.00","1,280.55","587.52K","1.90%"
"21-06-2016","1,282.42","1,297.50","1,303.50","1,280.15","917.58K","-2.19%"
"20-06-2016","1,311.10","1,312.50","1,316.00","1,293.75","361.26K","-0.66%"
"17-06-2016","1,319.80","1,345.00","1,349.25","1,318.40","570.48K","-1.76%"
"16-06-2016","1,343.45","1,340.00","1,348.10","1,336.03","201.04K","0.16%"
"15-06-2016","1,341.30","1,349.50","1,349.50","1,335.62","219.82K","0.05%"
"14-06-2016","1,340.58","1,338.00","1,348.25","1,333.75","216.54K","0.11%"
"13-06-2016","1,339.10","1,358.00","1,358.00","1,330.00","222.10K","-1.87%"
"10-06-2016","1,364.62","1,387.00","1,387.00","1,362.03","184.01K","-1.16%"
"09-06-2016","1,380.62","1,385.00","1,397.75","1,376.03","394.97K","-0.33%"
"08-06-2016","1,385.20","1,390.08","1,403.50","1,380.03","260.92K","-0.89%"
"07-06-2016","1,397.58","1,388.50","1,405.00","1,388.50","803.05K","0.77%"
"06-06-2016","1,386.92","1,382.50","1,394.25","1,367.58","204.05K","0.38%"
"03-06-2016","1,381.67","1,400.00","1,402.30","1,378.03","333.63K","-1.29%"
"02-06-2016","1,399.75","1,384.97","1,411.15","1,380.28","372.48K","1.24%"
"01-06-2016","1,382.55","1,370.00","1,396.20","1,362.60","961.92K","2.18%"
"31-05-2016","1,353.10","1,374.00","1,379.50","1,345.47","548.77K","-1.45%"
"30-05-2016","1,373.03","1,360.00","1,379.00","1,360.00","221.88K","0.98%"
"27-05-2016","1,359.65","1,379.50","1,380.92","1,350.55","1.03M","-0.91%"
"26-05-2016","1,372.20","1,378.40","1,397.50","1,364.03","719.34K","-0.26%"
"25-05-2016","1,375.72","1,330.35","1,382.50","1,328.75","708.39K","3.67%"
"24-05-2016","1,327.03","1,341.25","1,375.00","1,305.00","1.13M","-1.06%"
"23-05-2016","1,341.25","1,425.00","1,425.00","1,330.50","1.52M","-8.47%"
"20-05-2016","1,465.35","1,504.95","1,517.53","1,455.00","404.47K","-2.18%"
"19-05-2016","1,497.97","1,489.97","1,507.50","1,488.05","313.49K","0.82%"
"18-05-2016","1,485.80","1,501.97","1,502.00","1,484.00","362.64K","-1.13%"
"17-05-2016","1,502.83","1,471.10","1,508.95","1,471.10","471.34K","2.39%"
"16-05-2016","1,467.78","1,482.00","1,489.47","1,451.60","292.50K","-0.62%"
"13-05-2016","1,477.00","1,467.50","1,488.50","1,462.80","539.45K","0.60%"
"12-05-2016","1,468.22","1,433.50","1,475.00","1,420.00","519.27K","3.13%"
"11-05-2016","1,423.72","1,405.00","1,429.45","1,395.47","196.20K","0.94%"
"10-05-2016","1,410.45","1,407.55","1,431.50","1,407.55","231.40K","0.25%"
"09-05-2016","1,406.88","1,419.50","1,419.50","1,400.00","560.45K","-0.13%"
"06-05-2016","1,408.65","1,414.00","1,423.50","1,406.00","127.56K","-0.15%"
"05-05-2016","1,410.72","1,408.50","1,426.00","1,405.05","113.14K","0.13%"
"04-05-2016","1,408.88","1,423.50","1,428.95","1,401.97","228.92K","-1.03%"
"03-05-2016","1,423.55","1,430.70","1,449.95","1,417.50","439.89K","-0.40%"
"02-05-2016","1,429.20","1,428.00","1,435.97","1,417.50","148.64K","-0.15%"
"29-04-2016","1,431.30","1,413.50","1,448.00","1,413.00","282.59K","1.31%"
"28-04-2016","1,412.78","1,437.50","1,459.00","1,406.00","808.75K","-1.25%"
"27-04-2016","1,430.70","1,415.30","1,437.97","1,415.30","334.87K","0.85%"
"26-04-2016","1,418.65","1,410.03","1,424.00","1,398.10","271.58K","0.72%"
"25-04-2016","1,408.55","1,406.50","1,418.50","1,400.00","342.51K","-0.19%"
"22-04-2016","1,411.30","1,396.50","1,415.00","1,394.38","289.74K","1.25%"
"21-04-2016","1,393.92","1,423.85","1,435.00","1,390.00","355.37K","-2.02%"
"20-04-2016","1,422.65","1,422.50","1,443.92","1,413.75","626.89K","-0.19%"
"18-04-2016","1,425.33","1,385.25","1,428.00","1,385.25","617.24K","3.24%"
"13-04-2016","1,380.55","1,354.30","1,392.50","1,354.30","520.83K","2.05%"
"12-04-2016","1,352.88","1,342.50","1,369.20","1,325.10","705.89K","1.84%"
"11-04-2016","1,328.47","1,348.40","1,353.83","1,322.50","430.04K","-1.11%"
"08-04-2016","1,343.40","1,345.50","1,357.75","1,340.55","276.71K","-0.53%"
"07-04-2016","1,350.58","1,355.05","1,360.53","1,339.55","204.21K","-0.22%"
"06-04-2016","1,353.60","1,320.67","1,361.97","1,320.67","967.30K","2.49%"
"05-04-2016","1,320.67","1,325.00","1,328.12","1,303.58","428.20K","-0.67%"
"04-04-2016","1,329.60","1,350.00","1,351.78","1,325.00","368.80K","-0.74%"
"01-04-2016","1,339.53","1,330.75","1,358.95","1,330.75","353.07K","-0.28%"
"31-03-2016","1,343.25","1,312.70","1,352.45","1,307.75","692.93K","1.82%"
"30-03-2016","1,319.25","1,309.75","1,324.50","1,295.08","523.35K","2.14%"
"29-03-2016","1,291.58","1,307.50","1,312.50","1,259.53","391.99K","-1.62%"
"28-03-2016","1,312.80","1,372.78","1,380.00","1,300.62","564.34K","-3.66%"
"23-03-2016","1,362.65","1,377.58","1,381.05","1,352.65","216.97K","-0.95%"
"22-03-2016","1,375.75","1,368.00","1,389.95","1,362.50","241.61K","0.61%"
"21-03-2016","1,367.47","1,345.50","1,374.50","1,345.50","198.83K","1.83%"
"18-03-2016","1,342.90","1,349.50","1,357.50","1,335.12","241.69K","-0.44%"
"17-03-2016","1,348.80","1,370.00","1,370.05","1,344.00","268.31K","-0.83%"
"16-03-2016","1,360.15","1,370.05","1,378.00","1,337.08","479.51K","-1.39%"
"15-03-2016","1,379.38","1,400.12","1,410.92","1,375.47","153.94K","-2.28%"
"14-03-2016","1,411.53","1,416.00","1,430.00","1,407.50","224.72K","0.25%"
"11-03-2016","1,408.05","1,420.35","1,423.22","1,404.50","143.19K","-0.65%"
"10-03-2016","1,417.33","1,415.00","1,429.00","1,400.00","294.11K","-0.11%"
"09-03-2016","1,418.90","1,404.97","1,428.00","1,392.50","307.37K","0.66%"
"08-03-2016","1,409.53","1,425.00","1,442.42","1,375.00","382.15K","-1.27%"
"04-03-2016","1,427.60","1,432.00","1,438.47","1,421.00","172.66K","0.47%"
"03-03-2016","1,420.92","1,439.00","1,446.40","1,416.00","258.81K","-0.73%"
"02-03-2016","1,431.42","1,425.50","1,457.25","1,422.15","320.22K","0.74%"
"01-03-2016","1,420.85","1,378.00","1,422.50","1,378.00","329.54K","3.10%"
"29-02-2016","1,378.12","1,361.00","1,414.00","1,320.00","364.93K","1.61%"
"26-02-2016","1,356.22","1,346.50","1,365.25","1,337.05","431.11K","0.99%"
"25-02-2016","1,342.97","1,377.50","1,386.85","1,336.12","442.20K","-2.45%"
"24-02-2016","1,376.70","1,401.50","1,403.95","1,368.30","419.47K","-1.74%"
"23-02-2016","1,401.12","1,397.55","1,409.00","1,387.50","331.17K","0.10%"
"22-02-2016","1,399.67","1,354.50","1,400.50","1,354.50","704.00K","2.75%"
"19-02-2016","1,362.25","1,381.50","1,381.50","1,352.78","254.27K","-1.05%"
"18-02-2016","1,376.75","1,334.20","1,383.83","1,334.20","390.16K","3.82%"
"17-02-2016","1,326.10","1,322.50","1,331.50","1,272.60","254.61K","1.00%"
"16-02-2016","1,312.95","1,327.55","1,345.00","1,305.25","315.38K","-1.50%"
"15-02-2016","1,332.95","1,302.50","1,355.00","1,286.00","710.51K","3.97%"
"12-02-2016","1,282.10","1,325.00","1,328.95","1,252.53","713.85K","-2.65%"
"11-02-2016","1,317.00","1,350.00","1,364.88","1,305.55","583.35K","-3.23%"
"10-02-2016","1,361.00","1,420.00","1,435.00","1,343.85","687.42K","-2.20%"
"09-02-2016","1,391.55","1,421.00","1,445.00","1,380.00","498.77K","-2.51%"
"08-02-2016","1,427.38","1,432.75","1,476.67","1,421.92","388.86K","-0.27%"
"05-02-2016","1,431.25","1,428.08","1,435.97","1,407.50","518.81K","0.22%"
"04-02-2016","1,428.15","1,424.00","1,439.85","1,407.50","762.51K","1.00%"
"03-02-2016","1,414.03","1,390.00","1,427.40","1,363.28","500.41K","1.26%"
"02-02-2016","1,396.42","1,401.65","1,437.75","1,385.55","642.30K","-0.27%"
"01-02-2016","1,400.25","1,355.00","1,407.50","1,349.62","696.66K","4.13%"
"29-01-2016","1,344.72","1,342.50","1,348.50","1,338.50","389.02K","0.72%"
"28-01-2016","1,335.12","1,335.00","1,348.97","1,321.78","700.71K","0.78%"
"27-01-2016","1,324.83","1,306.00","1,327.50","1,300.45","912.52K","1.81%"
"25-01-2016","1,301.30","1,316.35","1,324.50","1,294.38","497.20K","-0.51%"
"22-01-2016","1,307.95","1,325.00","1,330.00","1,301.20","544.20K","-0.15%"
"21-01-2016","1,309.85","1,358.50","1,364.53","1,302.67","509.58K","-2.24%"
"20-01-2016","1,339.85","1,359.92","1,360.00","1,302.50","547.55K","-1.95%"
"19-01-2016","1,366.50","1,375.00","1,380.08","1,361.53","296.50K","-1.17%"
"18-01-2016","1,382.65","1,425.00","1,435.00","1,372.80","422.41K","-3.28%"
"15-01-2016","1,429.58","1,454.95","1,467.00","1,425.25","266.61K","-1.33%"
"14-01-2016","1,448.80","1,444.97","1,457.50","1,420.55","279.52K","-0.26%"
"13-01-2016","1,452.60","1,470.10","1,480.72","1,433.28","509.21K","-1.19%"
"12-01-2016","1,470.10","1,460.00","1,493.70","1,450.50","357.37K","0.72%"
"11-01-2016","1,459.65","1,445.05","1,464.50","1,420.58","264.81K","0.59%"
"08-01-2016","1,451.15","1,473.50","1,484.00","1,440.95","333.41K","-1.50%"
"07-01-2016","1,473.28","1,495.00","1,497.42","1,455.53","298.80K","-1.84%"
"06-01-2016","1,500.85","1,476.50","1,503.00","1,476.50","267.28K","1.18%"
"05-01-2016","1,483.35","1,488.55","1,496.28","1,475.15","228.50K","-0.20%"
"04-01-2016","1,486.30","1,490.00","1,502.22","1,476.00","253.61K","-0.46%"
"01-01-2016","1,493.20","1,481.20","1,501.67","1,481.20","129.49K","0.68%"
"31-12-2015","1,483.15","1,492.50","1,506.50","1,474.03","480.32K","-0.33%"
"30-12-2015","1,488.05","1,495.00","1,498.00","1,480.78","169.64K","-0.06%"
"29-12-2015","1,488.90","1,455.05","1,492.75","1,455.00","313.52K","2.53%"
"28-12-2015","1,452.17","1,456.00","1,462.50","1,449.75","174.49K","-0.22%"
"24-12-2015","1,455.35","1,463.50","1,464.00","1,440.45","163.94K","0.50%"
"23-12-2015","1,448.12","1,462.58","1,473.25","1,444.28","193.71K","-0.71%"
"22-12-2015","1,458.45","1,475.00","1,481.50","1,455.85","196.71K","-0.89%"
"21-12-2015","1,471.50","1,443.50","1,475.00","1,441.00","211.70K","1.82%"
"18-12-2015","1,445.15","1,450.50","1,474.25","1,438.97","318.94K","-0.70%"
"17-12-2015","1,455.38","1,420.00","1,459.50","1,405.50","333.38K","3.44%"
"16-12-2015","1,407.00","1,442.35","1,447.50","1,404.03","290.94K","-2.29%"
"15-12-2015","1,440.03","1,415.00","1,443.00","1,411.58","228.25K","1.84%"
"14-12-2015","1,414.00","1,381.50","1,423.50","1,372.40","301.03K","1.70%"
"11-12-2015","1,390.40","1,433.22","1,440.45","1,381.75","445.34K","-2.99%"
"10-12-2015","1,433.22","1,400.00","1,444.85","1,360.53","578.63K","2.47%"
"09-12-2015","1,398.72","1,435.05","1,435.70","1,393.00","245.65K","-2.81%"
"08-12-2015","1,439.15","1,435.00","1,454.65","1,427.55","241.84K","-0.12%"
"07-12-2015","1,440.90","1,467.97","1,467.97","1,436.42","218.66K","-1.84%"
"04-12-2015","1,467.97","1,465.00","1,478.95","1,457.00","149.13K","0.14%"
"03-12-2015","1,465.92","1,477.50","1,489.72","1,463.25","143.22K","-0.96%"
"02-12-2015","1,480.08","1,492.00","1,492.00","1,471.03","107.43K","-0.38%"
"01-12-2015","1,485.72","1,463.05","1,492.50","1,451.53","324.79K","1.66%"
"30-11-2015","1,461.53","1,462.00","1,472.50","1,447.50","232.87K","-0.16%"
"27-11-2015","1,463.88","1,457.50","1,469.00","1,448.25","202.56K","0.93%"
"26-11-2015","1,450.42","1,470.00","1,495.95","1,441.28","495.60K","-1.37%"
"24-11-2015","1,470.55","1,487.50","1,492.50","1,456.88","311.81K","-1.32%"
"23-11-2015","1,490.17","1,487.50","1,498.38","1,486.00","161.99K","0.44%"
"20-11-2015","1,483.58","1,483.95","1,504.50","1,473.03","282.26K","0.77%"
"19-11-2015","1,472.25","1,439.00","1,477.00","1,432.50","317.12K","3.01%"
"18-11-2015","1,429.20","1,440.00","1,453.40","1,422.47","315.84K","-0.68%"
"17-11-2015","1,439.05","1,426.50","1,451.42","1,426.50","362.13K","1.12%"
"16-11-2015","1,423.05","1,445.00","1,450.00","1,414.50","685.85K","-2.24%"
"13-11-2015","1,455.70","1,519.50","1,519.50","1,450.70","548.76K","-4.47%"
"11-11-2015","1,523.75","1,525.50","1,534.65","1,518.50","52.41K","0.40%"
"10-11-2015","1,517.67","1,515.00","1,548.00","1,508.05","301.77K","-0.30%"
"09-11-2015","1,522.28","1,537.50","1,572.50","1,517.50","601.31K","-2.73%"
"06-11-2015","1,565.00","1,595.00","1,611.78","1,542.75","248.56K","-1.54%"
"05-11-2015","1,589.40","1,592.35","1,610.00","1,577.85","231.46K","-0.08%"
"04-11-2015","1,590.62","1,590.00","1,598.15","1,576.90","219.05K","0.12%"
"03-11-2015","1,588.67","1,607.00","1,611.00","1,581.00","197.50K","-0.29%"
"02-11-2015","1,593.28","1,611.85","1,619.50","1,580.17","288.34K","-1.40%"
"30-10-2015","1,615.95","1,594.60","1,627.70","1,586.62","310.49K","1.31%"
"29-10-2015","1,595.08","1,590.10","1,610.00","1,586.20","370.82K","-0.09%"
"28-10-2015","1,596.53","1,572.50","1,612.00","1,572.50","304.41K","0.28%"
"27-10-2015","1,592.10","1,604.97","1,619.20","1,587.80","308.45K","-0.60%"
"26-10-2015","1,601.70","1,620.00","1,625.00","1,592.88","297.96K","-1.33%"
"23-10-2015","1,623.22","1,650.00","1,650.00","1,619.15","199.96K","-1.22%"
"21-10-2015","1,643.33","1,652.50","1,656.20","1,638.00","355.42K","-0.41%"
"20-10-2015","1,650.03","1,662.47","1,663.22","1,637.97","423.18K","-0.12%"
"19-10-2015","1,652.00","1,624.97","1,655.30","1,620.05","711.93K","2.33%"
"16-10-2015","1,614.38","1,597.53","1,624.00","1,586.65","367.84K","1.58%"
"15-10-2015","1,589.33","1,599.62","1,599.62","1,575.62","201.80K","-0.09%"
"14-10-2015","1,590.70","1,555.00","1,599.67","1,549.33","279.65K","2.13%"
"13-10-2015","1,557.53","1,597.42","1,597.42","1,541.75","420.72K","-1.75%"
"12-10-2015","1,585.22","1,625.00","1,629.00","1,578.33","218.73K","-1.66%"
"09-10-2015","1,612.05","1,640.00","1,648.85","1,605.70","153.02K","-1.31%"
"08-10-2015","1,633.38","1,619.70","1,641.88","1,605.62","215.53K","0.95%"
"07-10-2015","1,618.03","1,630.10","1,650.00","1,608.30","339.76K","-0.56%"
"06-10-2015","1,627.20","1,615.95","1,634.97","1,606.83","379.55K","1.27%"
"05-10-2015","1,606.83","1,575.50","1,614.50","1,571.88","642.06K","2.91%"
"01-10-2015","1,561.40","1,554.88","1,574.90","1,550.50","481.47K","1.32%"
"30-09-2015","1,541.00","1,499.50","1,557.00","1,492.50","611.13K","3.74%"
"29-09-2015","1,485.40","1,447.00","1,491.90","1,425.05","389.16K","1.70%"
"28-09-2015","1,460.53","1,447.00","1,475.00","1,442.80","253.70K","1.11%"
"24-09-2015","1,444.45","1,445.00","1,459.90","1,432.50","445.43K","0.11%"
"23-09-2015","1,442.85","1,441.47","1,459.05","1,425.00","368.81K","-0.51%"
"22-09-2015","1,450.25","1,511.75","1,515.25","1,440.50","465.83K","-3.17%"
"21-09-2015","1,497.80","1,499.50","1,506.00","1,476.00","212.30K","-0.08%"
"18-09-2015","1,498.95","1,524.33","1,525.00","1,494.50","307.56K","-0.45%"
"16-09-2015","1,505.72","1,550.95","1,572.50","1,499.12","567.27K","-2.20%"
"15-09-2015","1,539.60","1,500.00","1,543.00","1,500.00","538.53K","2.94%"
"14-09-2015","1,495.62","1,487.50","1,513.35","1,480.00","327.42K","1.27%"
"11-09-2015","1,476.92","1,444.35","1,488.25","1,435.40","325.90K","3.12%"
"10-09-2015","1,432.20","1,435.00","1,448.00","1,400.00","270.60K","-0.54%"
"09-09-2015","1,439.97","1,450.00","1,457.20","1,422.50","282.11K","1.29%"
"08-09-2015","1,421.65","1,448.75","1,467.70","1,382.50","396.49K","-1.87%"
"07-09-2015","1,448.70","1,495.00","1,505.60","1,444.00","263.13K","-3.04%"
"04-09-2015","1,494.12","1,501.50","1,508.45","1,470.38","289.08K","-0.66%"
"03-09-2015","1,504.03","1,519.50","1,541.20","1,498.00","560.86K","0.83%"
"02-09-2015","1,491.62","1,474.00","1,507.50","1,462.92","434.29K","2.13%"
"01-09-2015","1,460.45","1,450.00","1,485.00","1,440.00","438.40K","-0.31%"
"31-08-2015","1,464.97","1,489.50","1,491.10","1,451.25","247.43K","-1.47%"
"28-08-2015","1,486.90","1,483.00","1,525.00","1,475.00","501.44K","1.07%"
"27-08-2015","1,471.15","1,465.00","1,499.50","1,445.25","659.92K","2.14%"
"26-08-2015","1,440.35","1,487.55","1,517.08","1,430.05","525.87K","-3.23%"
"25-08-2015","1,488.45","1,503.00","1,524.47","1,395.00","833.04K","-0.84%"
"24-08-2015","1,501.12","1,574.50","1,574.50","1,471.00","818.78K","-6.16%"
"21-08-2015","1,599.67","1,605.00","1,608.45","1,562.50","327.22K","-0.78%"
"20-08-2015","1,612.20","1,636.00","1,651.65","1,607.50","276.58K","-2.10%"
"19-08-2015","1,646.78","1,662.50","1,674.20","1,643.15","206.31K","-0.69%"
"18-08-2015","1,658.25","1,659.95","1,669.90","1,648.00","186.53K","0.61%"
"17-08-2015","1,648.12","1,668.45","1,668.45","1,642.62","365.49K","-1.42%"
"14-08-2015","1,671.88","1,672.50","1,691.05","1,635.95","705.27K","-1.62%"
"13-08-2015","1,699.42","1,670.00","1,717.10","1,665.05","720.14K","2.35%"
"12-08-2015","1,660.42","1,683.50","1,692.20","1,650.00","613.02K","-1.37%"
"11-08-2015","1,683.45","1,672.50","1,692.50","1,655.00","888.33K","1.59%"
"10-08-2015","1,657.03","1,604.75","1,672.50","1,603.97","1.29M","3.48%"
"07-08-2015","1,601.35","1,572.75","1,613.83","1,572.75","673.76K","2.00%"
"06-08-2015","1,569.88","1,592.50","1,592.50","1,548.00","449.87K","-0.52%"
